Frame,timestep,Id,Location_x,Location_y,Location_z,Rotation_x,Rotation_y,Rotation_z
1,0,197,39633.4,17853.9,3.3545,39633.4,17853.9,3.3545
1,0,204,39628.6,8253.92,48.53,39628.6,8253.92,48.53
2,0.05,197,39633.4,17853.9,3.3545,39633.4,17853.9,3.3545
2,0.05,204,39628.6,8253.92,44.61,39628.6,8253.92,44.61
3,0.1,197,39633.4,17853.9,3.3545,39633.4,17853.9,3.3545
3,0.1,204,39628.6,8253.92,38.24,39628.6,8253.92,38.24
4,0.15,197,39633.4,17853.9,3.3545,39633.4,17853.9,3.3545
4,0.15,204,39628.6,8253.92,29.42,39628.6,8253.92,29.42
5,0.2,197,39633.4,17853.9,3.3545,39633.4,17853.9,3.3545
5,0.2,204,39628.6,8253.92,18.15,39628.6,8253.92,18.15
6,0.25,197,39633.4,17853.9,3.3545,39633.4,17853.9,3.3545
6,0.25,204,39628.6,8253.92,4.87006,39628.6,8253.92,4.87006
7,0.3,197,39633.4,17853.9,3.3545,39633.4,17853.9,3.3545
7,0.3,204,39628.6,8253.92,-2.72376,39628.6,8253.92,-2.72376
8,0.35,197,39633.4,17853.9,3.3545,39633.4,17853.9,3.3545
8,0.35,204,39628.6,8253.92,-5.32059,39628.6,8253.92,-5.32059
9,0.4,197,39633.4,17853.9,3.3545,39633.4,17853.9,3.3545
9,0.4,204,39628.6,8253.92,-5.58475,39628.6,8253.92,-5.58475
10,0.45,197,39633.4,17853.9,3.3545,39633.4,17853.9,3.3545
10,0.45,204,39628.6,8253.92,-4.89143,39628.6,8253.92,-4.89143
11,0.5,197,39633.4,17853.9,3.3545,39633.4,17853.9,3.3545
11,0.5,204,39628.6,8253.92,-3.91626,39628.6,8253.92,-3.91626
12,0.55,197,39633.4,17853.9,3.3545,39633.4,17853.9,3.3545
12,0.55,204,39628.6,8253.92,-2.96505,39628.6,8253.92,-2.96505
13,0.6,197,39633.4,17853.9,3.3545,39633.4,17853.9,3.3545
13,0.6,204,39628.6,8253.92,-2.15517,39628.6,8253.92,-2.15517
14,0.65,197,39633.4,17853.9,3.3545,39633.4,17853.9,3.3545
14,0.65,204,39628.6,8253.92,-1.51337,39628.6,8253.92,-1.51337
15,0.7,197,39633.4,17853.9,3.3545,39633.4,17853.9,3.3545
15,0.7,204,39628.6,8253.92,-1.02692,39628.6,8253.92,-1.02692
16,0.75,197,39633.4,17853.9,3.3545,39633.4,17853.9,3.3545
16,0.75,204,39628.6,8253.92,-0.669243,39628.6,8253.92,-0.669243
17,0.8,197,39633.4,17853.9,3.3545,39633.4,17853.9,3.3545
17,0.8,204,39628.6,8253.92,-0.411987,39628.6,8253.92,-0.411987
18,0.85,197,39633.4,17853.9,3.3545,39633.4,17853.9,3.3545
18,0.85,204,39628.6,8253.92,-0.230045,39628.6,8253.92,-0.230045
19,0.9,197,39633.4,17853.9,3.3545,39633.4,17853.9,3.3545
19,0.9,204,39628.6,8253.92,-0.103054,39628.6,8253.92,-0.103054
20,0.95,197,39633.4,17853.9,3.3545,39633.4,17853.9,3.3545
20,0.95,204,39628.6,8253.92,-0.0153694,39628.6,8253.92,-0.0153694
21,1,197,39633.4,17853.9,3.3545,39633.4,17853.9,3.3545
21,1,204,39628.6,8253.92,0.0446396,39628.6,8253.92,0.0446396
22,1.05,197,39633.4,17853.9,3.3545,39633.4,17853.9,3.3545
22,1.05,204,39628.6,8253.92,0.0854073,39628.6,8253.92,0.0854073
23,1.1,197,39633.4,17853.9,3.33562,39633.4,17853.9,3.33562
23,1.1,204,39628.6,8253.92,0.112926,39628.6,8253.92,0.112926
24,1.15,197,39633.4,17853.9,3.33374,39633.4,17853.9,3.33374
24,1.15,204,39628.6,8253.92,0.131397,39628.6,8253.92,0.131397
25,1.2,197,39633.4,17853.9,3.33882,39633.4,17853.9,3.33882
25,1.2,204,39628.6,8253.92,0.131397,39628.6,8253.92,0.131397
26,1.25,197,39633.4,17853.9,3.34595,39633.4,17853.9,3.34595
26,1.25,204,39628.6,8253.92,0.131397,39628.6,8253.92,0.131397
27,1.3,197,39633.4,17853.9,3.35289,39633.4,17853.9,3.35289
27,1.3,204,39628.6,8253.92,0.131397,39628.6,8253.92,0.131397
28,1.35,197,39633.4,17853.9,3.3588,39633.4,17853.9,3.3588
28,1.35,204,39628.6,8253.92,0.131397,39628.6,8253.92,0.131397
29,1.4,197,39633.4,17853.9,3.36349,39633.4,17853.9,3.36349
29,1.4,204,39628.6,8253.92,0.131397,39628.6,8253.92,0.131397
30,1.45,197,39633.4,17853.9,3.36704,39633.4,17853.9,3.36704
30,1.45,204,39628.6,8253.92,0.131397,39628.6,8253.92,0.131397
31,1.5,197,39633.4,17853.9,3.36814,39633.4,17853.9,3.36814
31,1.5,204,39628.6,8253.92,0.131397,39628.6,8253.92,0.131397
32,1.55,197,39633.4,17853.9,3.36944,39633.4,17853.9,3.36944
32,1.55,204,39628.6,8253.92,0.131397,39628.6,8253.92,0.131397
33,1.6,197,39633.4,17853.9,3.37083,39633.4,17853.9,3.37083
33,1.6,204,39628.6,8253.92,0.131397,39628.6,8253.92,0.131397
34,1.65,197,39633.4,17853.9,3.37206,39633.4,17853.9,3.37206
34,1.65,204,39628.6,8253.92,0.131397,39628.6,8253.92,0.131397
35,1.7,197,39633.4,17853.9,3.37306,39633.4,17853.9,3.37306
35,1.7,204,39628.6,8253.92,0.131397,39628.6,8253.92,0.131397
36,1.75,197,39633.4,17853.9,3.37383,39633.4,17853.9,3.37383
36,1.75,204,39628.6,8253.92,0.131397,39628.6,8253.92,0.131397
37,1.8,197,39633.4,17853.9,3.3744,39633.4,17853.9,3.3744
37,1.8,204,39628.6,8253.92,0.131397,39628.6,8253.92,0.131397
38,1.85,197,39633.4,17853.9,3.37481,39633.4,17853.9,3.37481
38,1.85,204,39628.6,8253.92,0.131397,39628.6,8253.92,0.131397
39,1.9,197,39633.4,17853.9,3.37501,39633.4,17853.9,3.37501
39,1.9,204,39628.6,8253.92,0.131397,39628.6,8253.92,0.131397
40,1.95,197,39633.4,17853.9,3.37501,39633.4,17853.9,3.37501
40,1.95,204,39628.6,8253.92,0.131397,39628.6,8253.92,0.131397
41,2,197,39633.4,17853.9,3.37524,39633.4,17853.9,3.37524
41,2,204,39628.6,8253.92,0.131397,39628.6,8253.92,0.131397
42,2.05,197,39633.4,17853.9,3.37536,39633.4,17853.9,3.37536
42,2.05,204,39628.6,8253.92,0.131397,39628.6,8253.92,0.131397
43,2.1,197,39633.4,17853.5,3.36736,39633.4,17853.5,3.36736
43,2.1,204,39628.6,8253.92,0.131397,39628.6,8253.92,0.131397
44,2.15,197,39633.4,17851.3,3.33906,39633.4,17851.3,3.33906
44,2.15,204,39628.6,8254.05,0.114685,39628.6,8254.05,0.114685
45,2.2,197,39633.4,17847.5,3.3144,39633.4,17847.5,3.3144
45,2.2,204,39628.6,8254.07,0.114639,39628.6,8254.07,0.114639
46,2.25,197,39633.4,17843.0,3.30544,39633.4,17843.0,3.30544
46,2.25,204,39628.6,8253.99,0.12125,39628.6,8253.99,0.12125
47,2.3,197,39633.4,17838.0,3.30598,39633.4,17838.0,3.30598
47,2.3,204,39628.6,8253.1,0.126144,39628.6,8253.1,0.126144
48,2.35,197,39633.4,17832.4,3.30939,39633.4,17832.4,3.30939
48,2.35,204,39628.6,8250.85,0.127419,39628.6,8250.85,0.127419
49,2.4,197,39633.5,17826.6,3.31623,39633.5,17826.6,3.31623
49,2.4,204,39628.6,8247.27,0.12833,39628.6,8247.27,0.12833
50,2.45,197,39633.5,17820.2,3.31964,39633.5,17820.2,3.31964
50,2.45,204,39628.6,8242.25,0.128307,39628.6,8242.25,0.128307
51,2.5,197,39633.5,17813.5,3.32369,39633.5,17813.5,3.32369
51,2.5,204,39628.7,8235.5,0.126614,39628.7,8235.5,0.126614
52,2.55,197,39633.5,17806.4,3.32784,39633.5,17806.4,3.32784
52,2.55,204,39628.7,8227.06,0.124908,39628.7,8227.06,0.124908
53,2.6,197,39633.5,17798.9,3.33094,39633.5,17798.9,3.33094
53,2.6,204,39628.7,8216.77,0.122337,39628.7,8216.77,0.122337
54,2.65,197,39633.5,17790.9,3.33152,39633.5,17790.9,3.33152
54,2.65,204,39628.7,8204.54,0.119785,39628.7,8204.54,0.119785
55,2.7,197,39633.5,17782.5,3.333,39633.5,17782.5,3.333
55,2.7,204,39628.7,8190.42,0.117722,39628.7,8190.42,0.117722
56,2.75,197,39633.5,17773.8,3.3349,39633.5,17773.8,3.3349
56,2.75,204,39628.7,8174.42,0.11615,39628.7,8174.42,0.11615
57,2.8,197,39633.5,17764.8,3.33694,39633.5,17764.8,3.33694
57,2.8,204,39628.8,8156.55,0.115078,39628.8,8156.55,0.115078
58,2.85,197,39633.5,17755.3,3.33759,39633.5,17755.3,3.33759
58,2.85,204,39628.8,8136.87,0.11459,39628.8,8136.87,0.11459
59,2.9,197,39633.5,17745.5,3.3378,39633.5,17745.5,3.3378
59,2.9,204,39628.8,8115.43,0.114513,39628.8,8115.43,0.114513
60,2.95,197,39633.5,17735.1,3.33692,39633.5,17735.1,3.33692
60,2.95,204,39628.9,8092.26,0.114704,39628.9,8092.26,0.114704
61,3,197,39633.5,17724.4,3.336,39633.5,17724.4,3.336
61,3,204,39628.9,8067.36,0.122082,39628.9,8067.36,0.122082
62,3.05,197,39633.5,17713.1,3.33444,39633.5,17713.1,3.33444
62,3.05,204,39628.9,8040.76,0.142323,39628.9,8040.76,0.142323
63,3.1,197,39633.5,17701.3,3.33313,39633.5,17701.3,3.33313
63,3.1,204,39629.0,8013.08,0.15234,39629.0,8013.08,0.15234
64,3.15,197,39633.5,17689.0,3.33144,39633.5,17689.0,3.33144
64,3.15,204,39629.1,7984.76,0.157673,39629.1,7984.76,0.157673
65,3.2,197,39633.5,17676.2,3.33009,39633.5,17676.2,3.33009
65,3.2,204,39629.1,7955.46,0.158405,39629.1,7955.46,0.158405
66,3.25,197,39633.5,17662.8,3.32847,39633.5,17662.8,3.32847
66,3.25,204,39629.2,7924.83,0.15593,39629.2,7924.83,0.15593
67,3.3,197,39633.4,17648.9,3.32717,39633.4,17648.9,3.32717
67,3.3,204,39629.2,7892.71,0.152206,39629.2,7892.71,0.152206
68,3.35,197,39633.4,17634.3,3.32566,39633.4,17634.3,3.32566
68,3.35,204,39629.3,7858.87,0.147732,39629.3,7858.87,0.147732
69,3.4,197,39633.4,17619.2,3.32446,39633.4,17619.2,3.32446
69,3.4,204,39629.4,7823.22,0.14325,39629.4,7823.22,0.14325
70,3.45,197,39633.4,17603.6,3.32327,39633.4,17603.6,3.32327
70,3.45,204,39629.5,7785.7,0.139648,39629.5,7785.7,0.139648
71,3.5,197,39633.4,17587.3,3.32371,39633.4,17587.3,3.32371
71,3.5,204,39629.6,7746.35,0.136848,39629.6,7746.35,0.136848
72,3.55,197,39633.4,17570.8,3.32734,39633.4,17570.8,3.32734
72,3.55,204,39629.7,7705.1,0.134472,39629.7,7705.1,0.134472
73,3.6,197,39633.4,17554.2,3.33428,39633.4,17554.2,3.33428
73,3.6,204,39629.8,7661.98,0.132706,39629.8,7661.98,0.132706
74,3.65,197,39633.4,17537.5,3.34255,39633.4,17537.5,3.34255
74,3.65,204,39629.8,7616.9,0.131023,39629.8,7616.9,0.131023
75,3.7,197,39633.4,17520.8,3.35065,39633.4,17520.8,3.35065
75,3.7,204,39629.9,7569.83,0.129364,39629.9,7569.83,0.129364
76,3.75,197,39633.4,17504.2,3.35682,39633.4,17504.2,3.35682
76,3.75,204,39630.1,7520.77,0.128132,39630.1,7520.77,0.128132
77,3.8,197,39633.3,17487.4,3.36086,39633.3,17487.4,3.36086
77,3.8,204,39630.2,7469.82,0.127827,39630.2,7469.82,0.127827
78,3.85,197,39633.3,17470.6,3.36252,39633.3,17470.6,3.36252
78,3.85,204,39630.3,7417.06,0.128155,39630.3,7417.06,0.128155
79,3.9,197,39633.3,17453.6,3.36274,39633.3,17453.6,3.36274
79,3.9,204,39630.4,7362.55,0.128841,39630.4,7362.55,0.128841
80,3.95,197,39633.3,17436.3,3.36078,39633.3,17436.3,3.36078
80,3.95,204,39630.5,7306.33,0.129707,39630.5,7306.33,0.129707
81,4,197,39633.3,17418.7,3.3579,39633.3,17418.7,3.3579
81,4,204,39630.6,7248.42,0.130638,39630.6,7248.42,0.130638
82,4.05,197,39633.2,17400.7,3.35456,39633.2,17400.7,3.35456
82,4.05,204,39630.6,7188.92,0.131943,39630.6,7188.92,0.131943
83,4.1,197,39633.2,17382.4,3.35212,39633.2,17382.4,3.35212
83,4.1,204,39630.7,7128.17,0.1353,39630.7,7128.17,0.1353
84,4.15,197,39633.2,17363.8,3.3496,39633.2,17363.8,3.3496
84,4.15,204,39630.8,7066.83,0.142109,39630.8,7066.83,0.142109
85,4.2,197,39633.2,17344.8,3.34833,39633.2,17344.8,3.34833
85,4.2,204,39630.9,7005.54,0.151913,39630.9,7005.54,0.151913
86,4.25,197,39633.2,17325.5,3.34769,39633.2,17325.5,3.34769
86,4.25,204,39631.0,6944.76,0.162766,39631.0,6944.76,0.162766
87,4.3,197,39633.2,17306.0,3.34764,39633.2,17306.0,3.34764
87,4.3,204,39631.0,6884.73,0.173195,39631.0,6884.73,0.173195
88,4.35,197,39633.2,17286.2,3.34839,39633.2,17286.2,3.34839
88,4.35,204,39631.1,6825.61,0.182423,39631.1,6825.61,0.182423
89,4.4,197,39633.2,17266.2,3.35068,39633.2,17266.2,3.35068
89,4.4,204,39631.1,6767.5,0.19014,39631.1,6767.5,0.19014
90,4.45,197,39633.2,17246.2,3.35374,39633.2,17246.2,3.35374
90,4.45,204,39631.2,6710.45,0.196411,39631.2,6710.45,0.196411
91,4.5,197,39633.2,17226.1,3.3572,39633.2,17226.1,3.3572
91,4.5,204,39631.2,6654.44,0.201118,39631.2,6654.44,0.201118
92,4.55,197,39633.1,17205.9,3.36086,39633.1,17205.9,3.36086
92,4.55,204,39631.2,6599.45,0.204449,39631.2,6599.45,0.204449
93,4.6,197,39633.1,17185.8,3.36397,39633.1,17185.8,3.36397
93,4.6,204,39631.3,6545.33,0.206078,39631.3,6545.33,0.206078
94,4.65,197,39633.1,17165.5,3.36586,39633.1,17165.5,3.36586
94,4.65,204,39631.4,6491.94,0.20615,39631.4,6491.94,0.20615
95,4.7,197,39633.1,17145.2,3.36597,39633.1,17145.2,3.36597
95,4.7,204,39631.4,6438.99,0.204399,39631.4,6438.99,0.204399
96,4.75,197,39633.1,17124.6,3.36486,39633.1,17124.6,3.36486
96,4.75,204,39631.5,6386.24,0.20126,39631.5,6386.24,0.20126
97,4.8,197,39633.0,17103.9,3.36343,39633.0,17103.9,3.36343
97,4.8,204,39631.6,6333.38,0.196732,39631.6,6333.38,0.196732
98,4.85,197,39633.0,17082.8,3.36013,39633.0,17082.8,3.36013
98,4.85,204,39631.6,6280.17,0.191486,39631.6,6280.17,0.191486
99,4.9,197,39633.0,17061.4,3.35517,39633.0,17061.4,3.35517
99,4.9,204,39631.7,6226.39,0.185818,39631.7,6226.39,0.185818
100,4.95,197,39633.0,17039.4,3.34946,39633.0,17039.4,3.34946
100,4.95,204,39631.8,6171.9,0.180508,39631.8,6171.9,0.180508
101,5,197,39633.0,17016.9,3.34431,39633.0,17016.9,3.34431
101,5,204,39631.9,6116.65,0.175953,39631.9,6116.65,0.175953
102,5.05,197,39633.0,16994.0,3.34153,39633.0,16994.0,3.34153
102,5.05,204,39631.9,6060.7,0.172775,39631.9,6060.7,0.172775
103,5.1,197,39633.0,16970.9,3.3424,39633.0,16970.9,3.3424
103,5.1,204,39632.0,6004.15,0.171085,39632.0,6004.15,0.171085
104,5.15,197,39633.0,16947.5,3.3448,39633.0,16947.5,3.3448
104,5.15,204,39632.1,5947.18,0.170937,39632.1,5947.18,0.170937
105,5.2,197,39633.0,16923.9,3.34586,39633.0,16923.9,3.34586
105,5.2,204,39632.1,5889.93,0.17197,39632.1,5889.93,0.17197
106,5.25,197,39632.9,16899.9,3.34492,39632.9,16899.9,3.34492
106,5.25,204,39632.2,5832.59,0.173996,39632.2,5832.59,0.173996
107,5.3,197,39632.9,16875.4,3.34311,39632.9,16875.4,3.34311
107,5.3,204,39632.3,5775.28,0.17654,39632.3,5775.28,0.17654
108,5.35,197,39632.9,16850.5,3.34222,39632.9,16850.5,3.34222
108,5.35,204,39632.3,5718.14,0.179512,39632.3,5718.14,0.179512
109,5.4,197,39632.9,16825.4,3.3643,39632.9,16825.4,3.3643
109,5.4,204,39632.4,5661.27,0.182465,39632.4,5661.27,0.182465
110,5.45,197,39632.9,16800.0,3.37529,39632.9,16800.0,3.37529
110,5.45,204,39632.4,5604.74,0.185322,39632.4,5604.74,0.185322
111,5.5,197,39632.9,16774.7,3.37906,39632.9,16774.7,3.37906
111,5.5,204,39632.5,5548.58,0.187702,39632.5,5548.58,0.187702
112,5.55,197,39632.8,16749.2,3.38356,39632.8,16749.2,3.38356
112,5.55,204,39632.6,5492.8,0.189674,39632.6,5492.8,0.189674
113,5.6,197,39632.8,16724.0,3.38421,39632.8,16724.0,3.38421
113,5.6,204,39632.6,5437.37,0.19088,39632.6,5437.37,0.19088
114,5.65,197,39632.8,16698.0,3.37836,39632.8,16698.0,3.37836
114,5.65,204,39632.7,5382.24,0.191528,39632.7,5382.24,0.191528
115,5.7,197,39632.8,16672.1,3.38293,39632.8,16672.1,3.38293
115,5.7,204,39632.8,5327.31,0.191402,39632.8,5327.31,0.191402
116,5.75,197,39632.8,16646.7,3.39164,39632.8,16646.7,3.39164
116,5.75,204,39632.9,5272.53,0.190769,39632.9,5272.53,0.190769
117,5.8,197,39632.7,16621.4,3.39597,39632.7,16621.4,3.39597
117,5.8,204,39632.9,5217.78,0.18956,39632.9,5217.78,0.18956
118,5.85,197,39632.7,16596.2,3.39904,39632.7,16596.2,3.39904
118,5.85,204,39633.0,5162.99,0.188091,39633.0,5162.99,0.188091
119,5.9,197,39632.7,16569.8,3.3733,39632.7,16569.8,3.3733
119,5.9,204,39633.0,5108.07,0.186325,39633.0,5108.07,0.186325
120,5.95,197,39632.7,16541.6,3.34482,39632.7,16541.6,3.34482
120,5.95,204,39633.1,5052.98,0.184654,39633.1,5052.98,0.184654
121,6,197,39632.7,16512.5,3.33132,39632.7,16512.5,3.33132
121,6,204,39633.2,4997.67,0.182995,39633.2,4997.67,0.182995
122,6.05,197,39632.6,16483.5,3.34071,39632.6,16483.5,3.34071
122,6.05,204,39633.3,4942.14,0.181698,39633.3,4942.14,0.181698
123,6.1,197,39632.6,16454.9,3.35846,39632.6,16454.9,3.35846
123,6.1,204,39633.3,4886.38,0.180679,39633.3,4886.38,0.180679
124,6.15,197,39632.6,16426.6,3.3731,39632.6,16426.6,3.3731
124,6.15,204,39633.4,4830.44,0.180176,39633.4,4830.44,0.180176
125,6.2,197,39632.6,16398.6,3.38488,39632.6,16398.6,3.38488
125,6.2,204,39633.4,4774.35,0.180012,39633.4,4774.35,0.180012
126,6.25,197,39632.6,16370.7,3.39023,39632.6,16370.7,3.39023
126,6.25,204,39633.5,4718.17,0.180298,39633.5,4718.17,0.180298
127,6.3,197,39632.6,16342.8,3.39342,39632.6,16342.8,3.39342
127,6.3,204,39633.6,4661.94,0.180832,39633.6,4661.94,0.180832
128,6.35,197,39632.5,16314.9,3.39203,39632.5,16314.9,3.39203
128,6.35,204,39633.7,4605.72,0.181675,39633.7,4605.72,0.181675
129,6.4,197,39632.5,16286.8,3.39045,39632.5,16286.8,3.39045
129,6.4,204,39633.7,4549.54,0.182575,39633.7,4549.54,0.182575
130,6.45,197,39632.5,16258.5,3.38604,39632.5,16258.5,3.38604
130,6.45,204,39633.8,4493.46,0.183613,39633.8,4493.46,0.183613
131,6.5,197,39632.4,16230.0,3.38269,39632.4,16230.0,3.38269
131,6.5,204,39633.9,4437.49,0.184505,39633.9,4437.49,0.184505
132,6.55,197,39632.4,16201.2,3.37759,39632.4,16201.2,3.37759
132,6.55,204,39633.9,4381.64,0.185387,39633.9,4381.64,0.185387
133,6.6,197,39632.4,16172.1,3.37419,39632.4,16172.1,3.37419
133,6.6,204,39634.0,4325.91,0.185966,39634.0,4325.91,0.185966
134,6.65,197,39632.4,16142.5,3.36956,39632.4,16142.5,3.36956
134,6.65,204,39634.1,4270.31,0.18644,39634.1,4270.31,0.18644
135,6.7,197,39632.4,16112.6,3.36684,39632.4,16112.6,3.36684
135,6.7,204,39634.1,4214.79,0.186604,39634.1,4214.79,0.186604
136,6.75,197,39632.4,16082.3,3.36311,39632.4,16082.3,3.36311
136,6.75,204,39634.2,4159.35,0.186623,39634.2,4159.35,0.186623
137,6.8,197,39632.4,16051.6,3.36127,39632.4,16051.6,3.36127
137,6.8,204,39634.2,4103.95,0.186356,39634.2,4103.95,0.186356
138,6.85,197,39632.4,16020.5,3.35847,39632.4,16020.5,3.35847
138,6.85,204,39634.3,4048.57,0.186024,39634.3,4048.57,0.186024
139,6.9,197,39632.4,15989.0,3.35745,39632.4,15989.0,3.35745
139,6.9,204,39634.4,3993.17,0.185478,39634.4,3993.17,0.185478
140,6.95,197,39632.3,15957.0,3.35545,39632.3,15957.0,3.35545
140,6.95,204,39634.5,3937.73,0.184975,39634.5,3937.73,0.184975
141,7,197,39632.3,15924.7,3.35511,39632.3,15924.7,3.35511
141,7,204,39634.5,3882.23,0.184361,39634.5,3882.23,0.184361
142,7.05,197,39632.3,15891.8,3.35375,39632.3,15891.8,3.35375
142,7.05,204,39634.6,3826.67,0.183895,39634.6,3826.67,0.183895
143,7.1,197,39632.3,15858.7,3.35389,39632.3,15858.7,3.35389
143,7.1,204,39634.6,3771.03,0.183422,39634.6,3771.03,0.183422
144,7.15,197,39632.3,15825.1,3.35469,39632.3,15825.1,3.35469
144,7.15,204,39634.7,3715.33,0.183155,39634.7,3715.33,0.183155
145,7.2,197,39632.3,15791.6,3.3619,39632.3,15791.6,3.3619
145,7.2,204,39634.8,3659.56,0.182922,39634.8,3659.56,0.182922
146,7.25,197,39632.2,15758.0,3.36726,39632.2,15758.0,3.36726
146,7.25,204,39634.9,3603.75,0.182915,39634.9,3603.75,0.182915
147,7.3,197,39632.2,15722.1,3.33452,39632.2,15722.1,3.33452
147,7.3,204,39634.9,3547.89,0.182934,39634.9,3547.89,0.182934
148,7.35,197,39632.2,15683.7,3.29567,39632.2,15683.7,3.29567
148,7.35,204,39635.0,3492.03,0.183159,39635.0,3492.03,0.183159
149,7.4,197,39632.2,15644.0,3.28114,39632.2,15644.0,3.28114
149,7.4,204,39635.0,3436.16,0.183372,39635.0,3436.16,0.183372
150,7.45,197,39632.2,15603.7,3.28789,39632.2,15603.7,3.28789
150,7.45,204,39635.1,3380.32,0.183716,39635.1,3380.32,0.183716
151,7.5,197,39632.1,15563.3,3.30441,39632.1,15563.3,3.30441
151,7.5,204,39635.2,3324.49,0.184002,39635.2,3324.49,0.184002
152,7.55,197,39632.1,15522.8,3.3227,39632.1,15522.8,3.3227
152,7.55,204,39635.3,3268.71,0.184345,39635.3,3268.71,0.184345
153,7.6,197,39632.1,15482.4,3.34147,39632.1,15482.4,3.34147
153,7.6,204,39635.3,3212.96,0.184566,39635.3,3212.96,0.184566
154,7.65,197,39632.1,15442.2,3.35745,39632.1,15442.2,3.35745
154,7.65,204,39635.4,3157.26,0.184837,39635.4,3157.26,0.184837
155,7.7,197,39632.0,15402.2,3.37201,39632.0,15402.2,3.37201
155,7.7,204,39635.4,3101.59,0.184933,39635.4,3101.59,0.184933
156,7.75,197,39632.0,15362.5,3.38298,39632.0,15362.5,3.38298
156,7.75,204,39635.5,3045.96,0.185055,39635.5,3045.96,0.185055
157,7.8,197,39632.0,15323.0,3.3922,39632.0,15323.0,3.3922
157,7.8,204,39635.6,2990.34,0.185009,39635.6,2990.34,0.185009
158,7.85,197,39631.9,15283.8,3.39762,39631.9,15283.8,3.39762
158,7.85,204,39635.7,2934.75,0.184975,39635.7,2934.75,0.184975
159,7.9,197,39631.9,15244.8,3.40121,39631.9,15244.8,3.40121
159,7.9,204,39635.7,2879.15,0.184803,39635.7,2879.15,0.184803
160,7.95,197,39631.9,15205.7,3.40041,39631.9,15205.7,3.40041
160,7.95,204,39635.8,2823.56,0.1847,39635.8,2823.56,0.1847
161,8,197,39631.9,15166.6,3.39795,39631.9,15166.6,3.39795
161,8,204,39635.9,2767.95,0.184467,39635.9,2767.95,0.184467
162,8.05,197,39631.9,15127.3,3.39262,39631.9,15127.3,3.39262
162,8.05,204,39635.9,2712.32,0.18433,39635.9,2712.32,0.18433
163,8.1,197,39631.8,15087.8,3.38745,39631.8,15087.8,3.38745
163,8.1,204,39636.0,2656.67,0.18412,39636.0,2656.67,0.18412
164,8.15,197,39631.8,15047.9,3.38102,39631.8,15047.9,3.38102
164,8.15,204,39636.1,2601.0,0.184021,39636.1,2601.0,0.184021
165,8.2,197,39631.8,15007.6,3.37578,39631.8,15007.6,3.37578
165,8.2,204,39636.1,2545.3,0.183872,39636.1,2545.3,0.183872
166,8.25,197,39631.8,14967.0,3.37005,39631.8,14967.0,3.37005
166,8.25,204,39636.2,2489.59,0.183853,39636.2,2489.59,0.183853
167,8.3,197,39631.7,14925.9,3.36588,39631.7,14925.9,3.36588
167,8.3,204,39636.2,2433.85,0.183784,39636.2,2433.85,0.183784
168,8.35,197,39631.7,14884.4,3.36141,39631.7,14884.4,3.36141
168,8.35,204,39636.3,2378.11,0.183857,39636.3,2378.11,0.183857
169,8.4,197,39631.7,14842.4,3.35873,39631.7,14842.4,3.35873
169,8.4,204,39636.4,2322.36,0.183865,39636.4,2322.36,0.183865
170,8.45,197,39631.6,14800.0,3.35662,39631.6,14800.0,3.35662
170,8.45,204,39636.5,2266.62,0.18399,39636.5,2266.62,0.18399
171,8.5,197,39631.6,14757.3,3.35672,39631.6,14757.3,3.35672
171,8.5,204,39636.5,2210.87,0.184048,39636.5,2210.87,0.184048
172,8.55,197,39631.6,14714.2,3.35746,39631.6,14714.2,3.35746
172,8.55,204,39636.6,2155.14,0.184204,39636.6,2155.14,0.184204
173,8.6,197,39631.6,14670.9,3.36017,39631.6,14670.9,3.36017
173,8.6,204,39636.6,2099.41,0.18425,39636.6,2099.41,0.18425
174,8.65,197,39631.6,14627.4,3.36271,39631.6,14627.4,3.36271
174,8.65,204,39636.7,2043.71,0.18438,39636.7,2043.71,0.18438
175,8.7,197,39631.5,14583.8,3.36649,39631.5,14583.8,3.36649
175,8.7,204,39636.8,1988.0,0.18441,39636.8,1988.0,0.18441
176,8.75,197,39631.5,14540.1,3.36934,39631.5,14540.1,3.36934
176,8.75,204,39636.9,1932.32,0.184502,39636.9,1932.32,0.184502
177,8.8,197,39631.5,14496.2,3.37263,39631.5,14496.2,3.37263
177,8.8,204,39636.9,1876.65,0.184486,39636.9,1876.65,0.184486
178,8.85,197,39631.4,14452.2,3.37445,39631.4,14452.2,3.37445
178,8.85,204,39637.0,1820.98,0.184525,39637.0,1820.98,0.184525
179,8.9,197,39631.4,14408.2,3.37649,39631.4,14408.2,3.37649
179,8.9,204,39637.1,1765.32,0.18446,39637.1,1765.32,0.18446
180,8.95,197,39631.4,14363.9,3.37713,39631.4,14363.9,3.37713
180,8.95,204,39637.1,1709.66,0.184467,39637.1,1709.66,0.184467
181,9,197,39631.3,14319.6,3.37817,39631.3,14319.6,3.37817
181,9,204,39637.2,1654.0,0.184368,39637.2,1654.0,0.184368
182,9.05,197,39631.3,14275.1,3.37809,39631.3,14275.1,3.37809
182,9.05,204,39637.3,1598.34,0.184368,39637.3,1598.34,0.184368
183,9.1,197,39631.3,14230.5,3.37865,39631.3,14230.5,3.37865
183,9.1,204,39637.3,1542.66,0.184246,39637.3,1542.66,0.184246
184,9.15,197,39631.3,14185.7,3.37878,39631.3,14185.7,3.37878
184,9.15,204,39637.4,1486.99,0.184242,39637.4,1486.99,0.184242
185,9.2,197,39631.3,14141.1,3.38274,39631.3,14141.1,3.38274
185,9.2,204,39637.5,1431.3,0.184155,39637.5,1431.3,0.184155
186,9.25,197,39631.2,14096.6,3.38912,39631.2,14096.6,3.38912
186,9.25,204,39637.5,1375.61,0.184166,39637.5,1375.61,0.184166
187,9.3,197,39631.2,14052.6,3.39824,39631.2,14052.6,3.39824
187,9.3,204,39637.6,1319.91,0.184093,39637.6,1319.91,0.184093
188,9.35,197,39631.2,14009.1,3.40697,39631.2,14009.1,3.40697
188,9.35,204,39637.7,1264.21,0.184135,39637.7,1264.21,0.184135
189,9.4,197,39631.1,13966.1,3.41632,39631.1,13966.1,3.41632
189,9.4,204,39637.8,1208.49,0.184086,39637.8,1208.49,0.184086
190,9.45,197,39631.1,13923.7,3.42372,39631.1,13923.7,3.42372
190,9.45,204,39637.8,1152.79,0.183613,39637.8,1152.79,0.183613
191,9.5,197,39631.0,13882.0,3.43102,39631.0,13882.0,3.43102
191,9.5,204,39637.9,1097.08,0.170761,39637.9,1097.08,0.170761
192,9.55,197,39631.0,13840.9,3.43577,39631.0,13840.9,3.43577
192,9.55,204,39637.9,1041.37,0.157284,39637.9,1041.37,0.157284
193,9.6,197,39631.0,13800.4,3.44003,39631.0,13800.4,3.44003
193,9.6,204,39638.0,985.664,0.148117,39638.0,985.664,0.148117
194,9.65,197,39631.0,13760.5,3.44153,39631.0,13760.5,3.44153
194,9.65,204,39638.1,929.969,0.129978,39638.1,929.969,0.129978
195,9.7,197,39631.0,13721.2,3.44274,39631.0,13721.2,3.44274
195,9.7,204,39638.1,874.298,0.118835,39638.1,874.298,0.118835
196,9.75,197,39630.9,13682.3,3.44138,39630.9,13682.3,3.44138
196,9.75,204,39638.2,818.823,0.10725,39638.2,818.823,0.10725
197,9.8,197,39630.9,13643.8,3.4392,39630.9,13643.8,3.4392
197,9.8,204,39638.0,763.627,0.092289,39638.0,763.627,0.092289
198,9.85,197,39630.9,13605.5,3.43334,39630.9,13605.5,3.43334
198,9.85,204,39637.3,708.741,0.0891533,39637.3,708.741,0.0891533
199,9.9,197,39630.9,13567.3,3.42652,39630.9,13567.3,3.42652
199,9.9,204,39635.7,654.118,0.0775719,39635.7,654.118,0.0775719
200,9.95,197,39630.9,13529.0,3.41718,39630.9,13529.0,3.41718
200,9.95,204,39633.1,599.728,0.0652733,39633.1,599.728,0.0652733
201,10,197,39630.8,13490.7,3.40845,39630.8,13490.7,3.40845
201,10,204,39629.0,545.53,0.0647659,39629.0,545.53,0.0647659
202,10.05,197,39630.8,13452.0,3.39871,39630.8,13452.0,3.39871
202,10.05,204,39623.3,491.504,0.0697174,39623.3,491.504,0.0697174
203,10.1,197,39630.8,13413.0,3.39061,39630.8,13413.0,3.39061
203,10.1,204,39615.6,437.661,0.0775452,39615.6,437.661,0.0775452
204,10.15,197,39630.7,13373.7,3.38224,39630.7,13373.7,3.38224
204,10.15,204,39605.6,384.048,0.0861702,39605.6,384.048,0.0861702
205,10.2,197,39630.7,13334.0,3.37585,39630.7,13334.0,3.37585
205,10.2,204,39594.2,330.074,1.32608,39594.2,330.074,1.32608
206,10.25,197,39630.7,13293.8,3.36943,39630.7,13293.8,3.36943
206,10.25,204,39579.6,276.799,2.3116,39579.6,276.799,2.3116
207,10.3,197,39630.7,13253.3,3.36489,39630.7,13253.3,3.36489
207,10.3,204,39562.2,224.308,2.7048,39562.2,224.308,2.7048
208,10.35,197,39630.6,13212.2,3.36032,39630.6,13212.2,3.36032
208,10.35,204,39541.9,172.859,2.81627,39541.9,172.859,2.81627
209,10.4,197,39630.6,13170.7,3.35784,39630.6,13170.7,3.35784
209,10.4,204,39518.7,122.735,2.81061,39518.7,122.735,2.81061
210,10.45,197,39630.6,13128.8,3.35635,39630.6,13128.8,3.35635
210,10.45,204,39492.4,74.1875,2.76418,39492.4,74.1875,2.76418
211,10.5,197,39630.6,13086.7,3.35732,39630.6,13086.7,3.35732
211,10.5,204,39463.1,27.6134,3.08959,39463.1,27.6134,3.08959
212,10.55,197,39630.6,13044.2,3.35889,39630.6,13044.2,3.35889
212,10.55,204,39431.0,-16.7773,4.20753,39431.0,-16.7773,4.20753
213,10.6,197,39630.5,13001.5,3.36202,39630.5,13001.5,3.36202
213,10.6,204,39396.0,-59.144,4.73198,39396.0,-59.144,4.73198
214,10.65,197,39630.5,12958.6,3.36327,39630.5,12958.6,3.36327
214,10.65,204,39358.1,-99.0132,4.99397,39358.1,-99.0132,4.99397
215,10.7,197,39630.5,12915.4,3.36393,39630.5,12915.4,3.36393
215,10.7,204,39317.4,-135.99,5.13158,39317.4,-135.99,5.13158
216,10.75,197,39630.4,12871.8,3.36279,39630.4,12871.8,3.36279
216,10.75,204,39274.1,-169.832,5.20761,39274.1,-169.832,5.20761
217,10.8,197,39630.4,12827.9,3.36229,39630.4,12827.9,3.36229
217,10.8,204,39228.4,-200.389,5.25107,39228.4,-200.389,5.25107
218,10.85,197,39630.4,12783.7,3.3616,39630.4,12783.7,3.3616
218,10.85,204,39180.6,-227.591,5.27608,39180.6,-227.591,5.27608
219,10.9,197,39630.4,12739.1,3.36258,39630.4,12739.1,3.36258
219,10.9,204,39130.9,-251.406,5.29013,39130.9,-251.406,5.29013
220,10.95,197,39630.3,12694.4,3.36343,39630.3,12694.4,3.36343
220,10.95,204,39079.6,-271.855,5.29868,39079.6,-271.855,5.29868
221,11,197,39630.3,12649.4,3.36544,39630.3,12649.4,3.36544
221,11,204,39027.0,-288.987,5.30297,39027.0,-288.987,5.30297
222,11.05,197,39630.3,12604.2,3.3668,39630.3,12604.2,3.3668
222,11.05,204,38973.3,-302.9,5.30452,38973.3,-302.9,5.30452
223,11.1,197,39630.3,12558.9,3.36892,39630.3,12558.9,3.36892
223,11.1,204,38918.8,-313.692,5.30465,38918.8,-313.692,5.30465
224,11.15,197,39630.3,12513.3,3.37013,39630.3,12513.3,3.37013
224,11.15,204,38863.6,-321.519,5.30438,38863.6,-321.519,5.30438
225,11.2,197,39630.2,12467.6,3.37195,39630.2,12467.6,3.37195
225,11.2,204,38808.0,-326.524,5.30308,38808.0,-326.524,5.30308
226,11.25,197,39630.2,12421.7,3.37281,39630.2,12421.7,3.37281
226,11.25,204,38752.2,-328.884,5.30436,38752.2,-328.884,5.30436
227,11.3,197,39630.2,12375.7,3.37425,39630.2,12375.7,3.37425
227,11.3,204,38696.2,-328.759,5.30937,38696.2,-328.759,5.30937
228,11.35,197,39630.2,12329.5,3.37477,39630.2,12329.5,3.37477
228,11.35,204,38640.3,-326.338,5.31077,38640.3,-326.338,5.31077
229,11.4,197,39630.2,12283.2,3.37592,39630.2,12283.2,3.37592
229,11.4,204,38584.6,-321.755,5.31315,38584.6,-321.755,5.31315
230,11.45,197,39630.2,12236.8,3.37617,39630.2,12236.8,3.37617
230,11.45,204,38529.3,-315.104,4.96957,38529.3,-315.104,4.96957
231,11.5,197,39630.1,12190.2,3.37708,39630.1,12190.2,3.37708
231,11.5,204,38474.3,-306.899,4.25603,38474.3,-306.899,4.25603
232,11.55,197,39630.1,12143.4,3.37714,39630.1,12143.4,3.37714
232,11.55,204,38419.5,-297.289,3.78303,38419.5,-297.289,3.78303
233,11.6,197,39630.1,12096.6,3.37788,39630.1,12096.6,3.37788
233,11.6,204,38365.2,-285.709,3.48822,38365.2,-285.709,3.48822
234,11.65,197,39630.1,12049.6,3.37783,39630.1,12049.6,3.37783
234,11.65,204,38312.2,-271.233,2.69185,38312.2,-271.233,2.69185
235,11.7,197,39630.1,12002.4,3.37845,39630.1,12002.4,3.37845
235,11.7,204,38260.3,-254.621,1.69433,38260.3,-254.621,1.69433
236,11.75,197,39630.0,11955.2,3.37832,39630.0,11955.2,3.37832
236,11.75,204,38208.7,-237.702,1.14079,38208.7,-237.702,1.14079
237,11.8,197,39630.0,11907.8,3.37888,39630.0,11907.8,3.37888
237,11.8,204,38157.0,-221.392,0.809689,38157.0,-221.392,0.809689
238,11.85,197,39630.0,11860.2,3.37869,39630.0,11860.2,3.37869
238,11.85,204,38105.1,-205.755,0.601978,38105.1,-205.755,0.601978
239,11.9,197,39630.0,11812.6,3.3792,39630.0,11812.6,3.3792
239,11.9,204,38052.8,-190.986,0.466957,38052.8,-190.986,0.466957
240,11.95,197,39630.0,11764.8,3.37954,39630.0,11764.8,3.37954
240,11.95,204,38000.1,-177.32,0.37714,38000.1,-177.32,0.37714
241,12,197,39629.9,11717.1,3.38383,39629.9,11717.1,3.38383
241,12,204,37946.7,-164.986,0.316357,37946.7,-164.986,0.316357
242,12.05,197,39629.9,11669.7,3.39081,39629.9,11669.7,3.39081
242,12.05,204,37892.8,-154.161,0.274609,37892.8,-154.161,0.274609
243,12.1,197,39629.9,11622.8,3.40048,39629.9,11622.8,3.40048
243,12.1,204,37838.2,-144.991,0.245594,37838.2,-144.991,0.245594
244,12.15,197,39629.9,11576.4,3.40984,39629.9,11576.4,3.40984
244,12.15,204,37783.1,-137.584,0.225368,37783.1,-137.584,0.225368
245,12.2,197,39629.9,11530.6,3.41946,39629.9,11530.6,3.41946
245,12.2,204,37727.5,-131.995,0.211422,37727.5,-131.995,0.211422
246,12.25,197,39629.8,11485.4,3.42673,39629.8,11485.4,3.42673
246,12.25,204,37671.5,-128.241,0.202015,37671.5,-128.241,0.202015
247,12.3,197,39629.8,11440.9,3.433,39629.8,11440.9,3.433
247,12.3,204,37615.2,-126.286,0.195961,37615.2,-126.286,0.195961
248,12.35,197,39629.8,11396.9,3.43634,39629.8,11396.9,3.43634
248,12.35,204,37558.9,-126.059,0.192226,37558.9,-126.059,0.192226
249,12.4,197,39629.8,11353.5,3.43893,39629.8,11353.5,3.43893
249,12.4,204,37502.5,-127.438,0.190121,37502.5,-127.438,0.190121
250,12.45,197,39629.8,11310.6,3.43909,39629.8,11310.6,3.43909
250,12.45,204,37446.3,-130.282,0.189087,37446.3,-130.282,0.189087
251,12.5,197,39629.7,11268.1,3.43942,39629.7,11268.1,3.43942
251,12.5,204,37390.2,-134.409,0.188721,37390.2,-134.409,0.188721
252,12.55,197,39629.7,11226.2,3.43812,39629.7,11226.2,3.43812
252,12.55,204,37334.3,-139.629,0.188713,37334.3,-139.629,0.188713
253,12.6,197,39629.7,11184.6,3.43694,39629.7,11184.6,3.43694
253,12.6,204,37278.7,-145.731,0.188858,37278.7,-145.731,0.188858
254,12.65,197,39629.7,11143.3,3.43329,39629.7,11143.3,3.43329
254,12.65,204,37223.3,-152.508,0.189014,37223.3,-152.508,0.189014
255,12.7,197,39629.7,11102.3,3.42886,39629.7,11102.3,3.42886
255,12.7,204,37168.2,-159.746,0.189064,37168.2,-159.746,0.189064
256,12.75,197,39629.7,11061.3,3.42158,39629.7,11061.3,3.42158
256,12.75,204,37113.2,-167.247,0.188969,37113.2,-167.247,0.188969
257,12.8,197,39629.7,11020.3,3.41404,39629.7,11020.3,3.41404
257,12.8,204,37058.3,-174.817,0.188686,37058.3,-174.817,0.188686
258,12.85,197,39629.7,10979.0,3.40491,39629.7,10979.0,3.40491
258,12.85,204,37003.5,-182.289,0.188213,37003.5,-182.289,0.188213
259,12.9,197,39629.7,10937.6,3.39681,39629.7,10937.6,3.39681
259,12.9,204,36948.7,-189.506,0.187565,36948.7,-189.506,0.187565
260,12.95,197,39629.7,10895.8,3.38821,39629.7,10895.8,3.38821
260,12.95,204,36893.8,-196.337,0.186836,36893.8,-196.337,0.186836
261,13,197,39629.7,10853.7,3.38165,39629.7,10853.7,3.38165
261,13,204,36838.9,-202.665,0.186005,36838.9,-202.665,0.186005
262,13.05,197,39629.7,10811.2,3.37638,39629.7,10811.2,3.37638
262,13.05,204,36783.9,-208.396,0.185173,36783.9,-208.396,0.185173
263,13.1,197,39629.7,10768.6,3.3743,39629.7,10768.6,3.3743
263,13.1,204,36728.7,-213.452,0.184391,36728.7,-213.452,0.184391
264,13.15,197,39629.7,10725.7,3.37321,39629.7,10725.7,3.37321
264,13.15,204,36673.3,-217.781,0.18372,36673.3,-217.781,0.18372
265,13.2,197,39629.7,10682.8,3.37463,39629.7,10682.8,3.37463
265,13.2,204,36617.8,-221.34,0.18317,36617.8,-221.34,0.18317
266,13.25,197,39629.7,10639.7,3.37703,39629.7,10639.7,3.37703
266,13.25,204,36562.2,-224.117,0.182816,36562.2,-224.117,0.182816
267,13.3,197,39629.7,10596.8,3.38167,39629.7,10596.8,3.38167
267,13.3,204,36506.4,-226.106,0.182648,36506.4,-226.106,0.182648
268,13.35,197,39629.7,10554.0,3.38609,39629.7,10554.0,3.38609
268,13.35,204,36450.6,-227.331,0.18264,36450.6,-227.331,0.18264
269,13.4,197,39629.7,10511.3,3.39193,39629.7,10511.3,3.39193
269,13.4,204,36394.7,-227.822,0.182758,36394.7,-227.822,0.182758
270,13.45,197,39629.7,10468.9,3.39694,39629.7,10468.9,3.39694
270,13.45,204,36338.8,-227.629,0.183022,36338.8,-227.629,0.183022
271,13.5,197,39629.7,10426.9,3.40264,39629.7,10426.9,3.40264
271,13.5,204,36282.9,-226.811,0.183384,36282.9,-226.811,0.183384
272,13.55,197,39629.7,10385.1,3.40689,39629.7,10385.1,3.40689
272,13.55,204,36227.0,-225.44,0.183788,36227.0,-225.44,0.183788
273,13.6,197,39629.7,10343.7,3.41166,39629.7,10343.7,3.41166
273,13.6,204,36171.2,-223.592,0.184181,36171.2,-223.592,0.184181
274,13.65,197,39629.7,10302.6,3.41486,39629.7,10302.6,3.41486
274,13.65,204,36115.4,-221.351,0.18457,36115.4,-221.351,0.18457
275,13.7,197,39629.7,10261.9,3.41856,39629.7,10261.9,3.41856
275,13.7,204,36059.7,-218.8,0.184883,36059.7,-218.8,0.184883
276,13.75,197,39629.7,10221.6,3.42086,39629.7,10221.6,3.42086
276,13.75,204,36004.1,-216.027,0.185131,36004.1,-216.027,0.185131
277,13.8,197,39629.7,10181.8,3.42474,39629.7,10181.8,3.42474
277,13.8,204,35948.5,-213.111,0.185307,35948.5,-213.111,0.185307
278,13.85,197,39629.7,10142.5,3.42787,39629.7,10142.5,3.42787
278,13.85,204,35892.9,-210.135,0.185371,35892.9,-210.135,0.185371
279,13.9,197,39629.7,10103.8,3.43229,39629.7,10103.8,3.43229
279,13.9,204,35837.4,-207.168,0.185352,35837.4,-207.168,0.185352
280,13.95,197,39629.7,10065.7,3.43523,39629.7,10065.7,3.43523
280,13.95,204,35781.9,-204.281,0.185246,35781.9,-204.281,0.185246
281,14,197,39629.7,10028.1,3.43884,39629.7,10028.1,3.43884
281,14,204,35726.4,-201.53,0.185066,35726.4,-201.53,0.185066
282,14.05,197,39629.7,9991.15,3.44027,39629.7,9991.15,3.44027
282,14.05,204,35670.9,-198.967,0.18486,35670.9,-198.967,0.18486
283,14.1,197,39629.7,9954.75,3.44199,39629.7,9954.75,3.44199
283,14.1,204,35615.4,-196.636,0.184628,35615.4,-196.636,0.184628
284,14.15,197,39629.7,9918.82,3.44128,39629.7,9918.82,3.44128
284,14.15,204,35559.9,-194.57,0.184399,35559.9,-194.57,0.184399
285,14.2,197,39629.7,9883.4,3.44071,39629.7,9883.4,3.44071
285,14.2,204,35504.3,-192.789,0.184158,35504.3,-192.789,0.184158
286,14.25,197,39629.7,9848.3,3.43745,39629.7,9848.3,3.43745
286,14.25,204,35448.6,-191.316,0.183979,35448.6,-191.316,0.183979
287,14.3,197,39629.7,9813.5,3.43348,39629.7,9813.5,3.43348
287,14.3,204,35392.9,-190.156,0.183838,35392.9,-190.156,0.183838
288,14.35,197,39629.7,9778.75,3.42601,39629.7,9778.75,3.42601
288,14.35,204,35337.2,-189.313,0.183746,35337.2,-189.313,0.183746
289,14.4,197,39629.7,9744.02,3.41837,39629.7,9744.02,3.41837
289,14.4,204,35281.5,-188.776,0.183708,35281.5,-188.776,0.183708
290,14.45,197,39629.7,9709.09,3.4087,39629.7,9709.09,3.4087
290,14.45,204,35225.8,-188.537,0.183731,35225.8,-188.537,0.183731
291,14.5,197,39629.7,9673.98,3.40023,39629.7,9673.98,3.40023
291,14.5,204,35170.0,-188.573,0.183788,35170.0,-188.573,0.183788
292,14.55,197,39629.7,9638.51,3.3909,39629.7,9638.51,3.3909
292,14.55,204,35114.2,-188.865,0.183907,35114.2,-188.865,0.183907
293,14.6,197,39629.7,9602.73,3.3835,39629.7,9602.73,3.3835
293,14.6,204,35058.5,-189.382,0.184006,35058.5,-189.382,0.184006
294,14.65,197,39629.7,9566.51,3.37579,39629.7,9566.51,3.37579
294,14.65,204,35002.7,-190.096,0.184151,35002.7,-190.096,0.184151
295,14.7,197,39629.7,9529.9,3.37017,39629.7,9529.9,3.37017
295,14.7,204,34947.0,-190.973,0.184265,34947.0,-190.973,0.184265
296,14.75,197,39629.7,9492.81,3.36465,39629.7,9492.81,3.36465
296,14.75,204,34891.3,-191.983,0.184383,34891.3,-191.983,0.184383
297,14.8,197,39629.7,9455.38,3.36239,39629.7,9455.38,3.36239
297,14.8,204,34835.6,-193.087,0.184494,34835.6,-193.087,0.184494
298,14.85,197,39629.7,9417.6,3.36143,39629.7,9417.6,3.36143
298,14.85,204,34779.9,-194.258,0.184566,34779.9,-194.258,0.184566
299,14.9,197,39629.7,9379.64,3.36335,39629.7,9379.64,3.36335
299,14.9,204,34724.2,-195.46,0.184597,34724.2,-195.46,0.184597
300,14.95,197,39629.7,9341.52,3.36618,39629.7,9341.52,3.36618
300,14.95,204,34668.6,-196.667,0.184601,34668.6,-196.667,0.184601
301,15,197,39629.7,9303.39,3.37122,39629.7,9303.39,3.37122
301,15,204,34613.0,-197.849,0.184593,34613.0,-197.849,0.184593
302,15.05,197,39629.7,9265.23,3.3756,39629.7,9265.23,3.3756
302,15.05,204,34557.3,-198.984,0.184551,34557.3,-198.984,0.184551
303,15.1,197,39629.7,9227.14,3.38086,39629.7,9227.14,3.38086
303,15.1,204,34501.7,-200.05,0.184471,34501.7,-200.05,0.184471
304,15.15,197,39629.7,9189.09,3.38467,39629.7,9189.09,3.38467
304,15.15,204,34446.0,-201.041,0.184395,34446.0,-201.041,0.184395
305,15.2,197,39629.7,9151.2,3.38948,39629.7,9151.2,3.38948
305,15.2,204,34390.4,-201.92,0.184307,34390.4,-201.92,0.184307
306,15.25,197,39629.7,9113.42,3.39303,39629.7,9113.42,3.39303
306,15.25,204,34334.7,-202.684,0.184246,34334.7,-202.684,0.184246
307,15.3,197,39629.7,9075.86,3.39744,39629.7,9075.86,3.39744
307,15.3,204,34279.0,-203.329,0.184177,34279.0,-203.329,0.184177
308,15.35,197,39629.7,9038.48,3.40035,39629.7,9038.48,3.40035
308,15.35,204,34223.4,-203.853,0.184132,34223.4,-203.853,0.184132
309,15.4,197,39629.7,9001.36,3.40409,39629.7,9001.36,3.40409
309,15.4,204,34167.7,-204.25,0.184109,34167.7,-204.25,0.184109
310,15.45,197,39629.6,8964.46,3.40645,39629.6,8964.46,3.40645
310,15.45,204,34111.9,-204.528,0.184078,34111.9,-204.528,0.184078
311,15.5,197,39629.6,8927.87,3.40984,39629.6,8927.87,3.40984
311,15.5,204,34056.2,-204.685,0.184067,34056.2,-204.685,0.184067
312,15.55,197,39629.6,8891.54,3.41172,39629.6,8891.54,3.41172
312,15.55,204,34000.5,-204.735,0.18409,34000.5,-204.735,0.18409
313,15.6,197,39629.6,8855.57,3.41458,39629.6,8855.57,3.41458
313,15.6,204,33944.8,-204.68,0.184135,33944.8,-204.68,0.184135
314,15.65,197,39629.6,8819.88,3.41594,39629.6,8819.88,3.41594
314,15.65,204,33889.1,-204.537,0.184162,33889.1,-204.537,0.184162
315,15.7,197,39629.6,8784.56,3.41839,39629.6,8784.56,3.41839
315,15.7,204,33833.4,-204.313,0.184204,33833.4,-204.313,0.184204
316,15.75,197,39629.6,8749.55,3.41928,39629.6,8749.55,3.41928
316,15.75,204,33777.7,-204.023,0.184235,33777.7,-204.023,0.184235
317,15.8,197,39629.6,8714.93,3.42127,39629.6,8714.93,3.42127
317,15.8,204,33722.0,-203.678,0.184288,33722.0,-203.678,0.184288
318,15.85,197,39629.6,8680.65,3.42252,39629.6,8680.65,3.42252
318,15.85,204,33666.3,-203.295,0.18433,33666.3,-203.295,0.18433
319,15.9,197,39629.6,8647.06,3.42884,39629.6,8647.06,3.42884
319,15.9,204,33610.6,-202.881,0.184341,33610.6,-202.881,0.184341
320,15.95,197,39629.5,8614.23,3.43646,39629.5,8614.23,3.43646
320,15.95,204,33554.9,-202.455,0.184357,33554.9,-202.455,0.184357
321,16,197,39629.5,8582.2,3.44334,39629.5,8582.2,3.44334
321,16,204,33499.2,-202.022,0.18438,33499.2,-202.022,0.18438
322,16.05,197,39629.5,8550.67,3.44427,39629.5,8550.67,3.44427
322,16.05,204,33443.5,-201.599,0.184357,33443.5,-201.599,0.184357
323,16.1,197,39629.5,8521.04,3.4678,39629.5,8521.04,3.4678
323,16.1,204,33387.8,-201.191,0.184353,33387.8,-201.191,0.184353
324,16.15,197,39629.5,8493.24,3.48932,39629.5,8493.24,3.48932
324,16.15,204,33332.2,-200.808,0.184326,33332.2,-200.808,0.184326
325,16.2,197,39629.5,8467.41,3.51014,39629.5,8467.41,3.51014
325,16.2,204,33276.5,-200.448,0.184299,33276.5,-200.448,0.184299
326,16.25,197,39629.5,8443.23,3.50053,39629.5,8443.23,3.50053
326,16.25,204,33220.8,-200.141,0.184292,33220.8,-200.141,0.184292
327,16.3,197,39629.5,8420.26,3.4907,39629.5,8420.26,3.4907
327,16.3,204,33165.1,-199.879,0.184265,33165.1,-199.879,0.184265
328,16.35,197,39629.4,8398.2,3.48158,39629.4,8398.2,3.48158
328,16.35,204,33109.4,-199.663,0.184235,33109.4,-199.663,0.184235
329,16.4,197,39629.4,8376.8,3.47122,39629.4,8376.8,3.47122
329,16.4,204,33053.7,-199.492,0.184219,33053.7,-199.492,0.184219
330,16.45,197,39629.4,8355.89,3.45973,39629.4,8355.89,3.45973
330,16.45,204,32998.0,-199.373,0.184212,32998.0,-199.373,0.184212
331,16.5,197,39629.4,8335.3,3.44748,39629.4,8335.3,3.44748
331,16.5,204,32942.3,-199.299,0.184204,32942.3,-199.299,0.184204
332,16.55,197,39629.4,8314.78,3.4331,39629.4,8314.78,3.4331
332,16.55,204,32886.6,-199.274,0.184185,32886.6,-199.274,0.184185
333,16.6,197,39629.4,8294.07,3.41663,39629.4,8294.07,3.41663
333,16.6,204,32830.9,-199.29,0.184208,32830.9,-199.29,0.184208
334,16.65,197,39629.4,8272.99,3.39969,39629.4,8272.99,3.39969
334,16.65,204,32775.2,-199.349,0.184219,32775.2,-199.349,0.184219
335,16.7,197,39629.4,8251.45,3.38382,39629.4,8251.45,3.38382
335,16.7,204,32719.5,-199.442,0.184219,32719.5,-199.442,0.184219
336,16.75,197,39629.4,8229.4,3.36996,39629.4,8229.4,3.36996
336,16.75,204,32663.8,-199.568,0.184235,32663.8,-199.568,0.184235
337,16.8,197,39629.4,8206.82,3.35851,39629.4,8206.82,3.35851
337,16.8,204,32608.1,-199.72,0.184254,32608.1,-199.72,0.184254
338,16.85,197,39629.3,8183.69,3.34945,39629.3,8183.69,3.34945
338,16.85,204,32552.4,-199.894,0.184265,32552.4,-199.894,0.184265
339,16.9,197,39629.3,8160.01,3.34249,39629.3,8160.01,3.34249
339,16.9,204,32496.8,-200.188,0.184498,32496.8,-200.188,0.184498
340,16.95,197,39629.3,8135.78,3.3373,39629.3,8135.78,3.3373
340,16.95,204,32441.3,-200.517,0.185577,32441.3,-200.517,0.185577
341,17,197,39629.3,8111.0,3.33348,39629.3,8111.0,3.33348
341,17,204,32386.1,-200.822,0.187057,32386.1,-200.822,0.187057
342,17.05,197,39629.3,8085.67,3.352,39629.3,8085.67,3.352
342,17.05,204,32331.1,-201.12,0.188293,32331.1,-201.12,0.188293
343,17.1,197,39629.2,8059.97,3.36369,39629.2,8059.97,3.36369
343,17.1,204,32276.4,-201.408,0.18885,32276.4,-201.408,0.18885
344,17.15,197,39629.2,8034.6,3.37792,39629.2,8034.6,3.37792
344,17.15,204,32221.8,-201.666,0.188652,32221.8,-201.666,0.188652
345,17.2,197,39629.2,8009.12,3.37641,39629.2,8009.12,3.37641
345,17.2,204,32167.2,-201.897,0.187817,32167.2,-201.897,0.187817
346,17.25,197,39629.2,7983.01,3.37465,39629.2,7983.01,3.37465
346,17.25,204,32112.5,-202.109,0.186512,32112.5,-202.109,0.186512
347,17.3,197,39629.2,7957.22,3.38194,39629.2,7957.22,3.38194
347,17.3,204,32057.6,-202.29,0.184898,32057.6,-202.29,0.184898
348,17.35,197,39629.1,7931.78,3.39092,39629.1,7931.78,3.39092
348,17.35,204,32002.5,-202.442,0.183193,32002.5,-202.442,0.183193
349,17.4,197,39629.1,7906.44,3.39487,39629.1,7906.44,3.39487
349,17.4,204,31947.2,-202.56,0.181564,31947.2,-202.56,0.181564
350,17.45,197,39629.1,7881.23,3.3975,39629.1,7881.23,3.3975
350,17.45,204,31891.5,-202.648,0.180233,31891.5,-202.648,0.180233
351,17.5,197,39629.1,7855.93,3.39563,39629.1,7855.93,3.39563
351,17.5,204,31835.7,-202.704,0.179367,31835.7,-202.704,0.179367
352,17.55,197,39629.1,7830.58,3.39384,39629.1,7830.58,3.39384
352,17.55,204,31779.6,-202.733,0.179039,31779.6,-202.733,0.179039
353,17.6,197,39629.0,7804.99,3.38901,39629.0,7804.99,3.38901
353,17.6,204,31723.4,-202.733,0.17918,31723.4,-202.733,0.17918
354,17.65,197,39629.0,7779.22,3.38538,39629.0,7779.22,3.38538
354,17.65,204,31667.1,-202.711,0.179733,31667.1,-202.711,0.179733
355,17.7,197,39629.0,7753.09,3.37967,39629.0,7753.09,3.37967
355,17.7,204,31610.7,-202.666,0.180588,31610.7,-202.666,0.180588
356,17.75,197,39629.0,7726.69,3.37581,39629.0,7726.69,3.37581
356,17.75,204,31554.4,-202.605,0.181656,31554.4,-202.605,0.181656
357,17.8,197,39629.0,7699.85,3.3704,39629.0,7699.85,3.3704
357,17.8,204,31498.2,-202.528,0.182835,31498.2,-202.528,0.182835
358,17.85,197,39629.0,7672.62,3.36622,39629.0,7672.62,3.36622
358,17.85,204,31442.1,-202.442,0.183987,31442.1,-202.442,0.183987
359,17.9,197,39628.9,7644.5,3.35373,39628.9,7644.5,3.35373
359,17.9,204,31386.2,-202.348,0.18502,31386.2,-202.348,0.18502
360,17.95,197,39628.9,7615.77,3.34869,39628.9,7615.77,3.34869
360,17.95,204,31330.4,-202.251,0.18589,31330.4,-202.251,0.18589
361,18,197,39628.9,7586.69,3.34885,39628.9,7586.69,3.34885
361,18,204,31274.7,-202.152,0.186531,31274.7,-202.152,0.186531
362,18.05,197,39628.9,7557.49,3.35423,39628.9,7557.49,3.35423
362,18.05,204,31219.2,-202.055,0.186928,31219.2,-202.055,0.186928
363,18.1,197,39628.9,7528.18,3.36052,39628.9,7528.18,3.36052
363,18.1,204,31163.7,-201.96,0.18705,31163.7,-201.96,0.18705
364,18.15,197,39628.8,7499.01,3.36973,39628.8,7499.01,3.36973
364,18.15,204,31108.4,-201.868,0.186916,31108.4,-201.868,0.186916
365,18.2,197,39628.8,7469.96,3.37799,39628.8,7469.96,3.37799
365,18.2,204,31053.0,-201.808,0.186573,31053.0,-201.808,0.186573
366,18.25,197,39628.8,7441.24,3.38774,39628.8,7441.24,3.38774
366,18.25,204,30997.7,-201.764,0.186047,30997.7,-201.764,0.186047
367,18.3,197,39628.8,7412.77,3.39523,39628.8,7412.77,3.39523
367,18.3,204,30942.3,-201.724,0.18544,30942.3,-201.724,0.18544
368,18.35,197,39628.7,7384.7,3.40315,39628.7,7384.7,3.40315
368,18.35,204,30886.9,-201.698,0.184765,30886.9,-201.698,0.184765
369,18.4,197,39628.7,7356.9,3.40783,39628.7,7356.9,3.40783
369,18.4,204,30831.4,-201.684,0.184128,30831.4,-201.684,0.184128
370,18.45,197,39628.7,7329.5,3.41262,39628.7,7329.5,3.41262
370,18.45,204,30775.8,-201.684,0.183567,30775.8,-201.684,0.183567
371,18.5,197,39628.7,7302.39,3.41545,39628.7,7302.39,3.41545
371,18.5,204,30720.2,-201.695,0.183113,30720.2,-201.695,0.183113
372,18.55,197,39628.7,7275.8,3.42048,39628.7,7275.8,3.42048
372,18.55,204,30664.4,-201.72,0.182804,30664.4,-201.72,0.182804
373,18.6,197,39628.6,7249.62,3.42373,39628.6,7249.62,3.42373
373,18.6,204,30608.6,-201.754,0.182663,30608.6,-201.754,0.182663
374,18.65,197,39628.6,7224.0,3.42802,39628.6,7224.0,3.42802
374,18.65,204,30552.7,-201.799,0.182667,30552.7,-201.799,0.182667
375,18.7,197,39628.5,7198.76,3.42309,39628.5,7198.76,3.42309
375,18.7,204,30496.8,-201.852,0.182827,30496.8,-201.852,0.182827
376,18.75,197,39628.5,7173.3,3.41794,39628.5,7173.3,3.41794
376,18.75,204,30440.9,-201.915,0.183071,30440.9,-201.915,0.183071
377,18.8,197,39628.5,7148.15,3.41133,39628.5,7148.15,3.41133
377,18.8,204,30385.1,-201.982,0.183399,30385.1,-201.982,0.183399
378,18.85,197,39628.4,7122.75,3.40712,39628.4,7122.75,3.40712
378,18.85,204,30329.2,-202.056,0.183762,30329.2,-202.056,0.183762
379,18.9,197,39628.4,7097.7,3.4034,39628.4,7097.7,3.4034
379,18.9,204,30273.4,-202.132,0.184155,30273.4,-202.132,0.184155
380,18.95,197,39628.4,7072.39,3.4015,39628.4,7072.39,3.4015
380,18.95,204,30217.6,-202.213,0.184494,30217.6,-202.213,0.184494
381,19,197,39628.3,7047.13,3.39557,39628.3,7047.13,3.39557
381,19,204,30161.9,-202.295,0.184788,30161.9,-202.295,0.184788
382,19.05,197,39628.3,7021.94,3.39277,39628.3,7021.94,3.39277
382,19.05,204,30106.2,-202.381,0.185005,30106.2,-202.381,0.185005
383,19.1,197,39628.3,6996.69,3.39677,39628.3,6996.69,3.39677
383,19.1,204,30050.5,-202.467,0.185127,30050.5,-202.467,0.185127
384,19.15,197,39628.3,6971.38,3.3922,39628.3,6971.38,3.3922
384,19.15,204,29994.9,-202.525,0.185196,29994.9,-202.525,0.185196
385,19.2,197,39628.2,6946.25,3.39111,39628.2,6946.25,3.39111
385,19.2,204,29939.3,-202.569,0.185135,29939.3,-202.569,0.185135
386,19.25,197,39628.2,6920.95,3.3939,39628.2,6920.95,3.3939
386,19.25,204,29883.8,-202.614,0.185017,29883.8,-202.614,0.185017
387,19.3,197,39628.2,6895.57,3.39003,39628.2,6895.57,3.39003
387,19.3,204,29828.2,-202.654,0.184853,29828.2,-202.654,0.184853
388,19.35,197,39628.2,6870.24,3.38747,39628.2,6870.24,3.38747
388,19.35,204,29772.6,-202.689,0.18465,29772.6,-202.689,0.18465
389,19.4,197,39628.2,6844.74,3.39,39628.2,6844.74,3.39
389,19.4,204,29717.0,-202.718,0.184441,29717.0,-202.718,0.184441
390,19.45,197,39628.1,6819.63,3.39088,39628.1,6819.63,3.39088
390,19.45,204,29661.4,-202.743,0.184235,29661.4,-202.743,0.184235
391,19.5,197,39628.1,6794.08,3.38987,39628.1,6794.08,3.38987
391,19.5,204,29605.7,-202.762,0.184044,29605.7,-202.762,0.184044
392,19.55,197,39628.1,6768.84,3.38866,39628.1,6768.84,3.38866
392,19.55,204,29550.0,-202.778,0.183891,29550.0,-202.778,0.183891
393,19.6,197,39628.1,6743.2,3.38818,39628.1,6743.2,3.38818
393,19.6,204,29494.3,-202.789,0.183792,29494.3,-202.789,0.183792
394,19.65,197,39628.1,6717.95,3.38856,39628.1,6717.95,3.38856
394,19.65,204,29438.6,-202.798,0.183746,29438.6,-202.798,0.183746
395,19.7,197,39628.1,6692.44,3.39028,39628.1,6692.44,3.39028
395,19.7,204,29382.8,-202.801,0.183746,29382.8,-202.801,0.183746
396,19.75,197,39628.1,6667.24,3.39005,39628.1,6667.24,3.39005
396,19.75,204,29327.1,-202.834,0.183788,29327.1,-202.834,0.183788
397,19.8,197,39628.1,6641.85,3.39226,39628.1,6641.85,3.39226
397,19.8,204,29271.3,-202.878,0.183861,29271.3,-202.878,0.183861
398,19.85,197,39628.1,6616.57,3.39013,39628.1,6616.57,3.39013
398,19.85,204,29215.6,-202.923,0.183964,29215.6,-202.923,0.183964
399,19.9,197,39628.1,6591.43,3.39056,39628.1,6591.43,3.39056
399,19.9,204,29159.8,-202.937,0.184093,29159.8,-202.937,0.184093
400,19.95,197,39628.1,6566.24,3.38966,39628.1,6566.24,3.38966
400,19.95,204,29104.1,-202.975,0.184216,29104.1,-202.975,0.184216
401,20,197,39628.1,6541.17,3.39098,39628.1,6541.17,3.39098
401,20,204,29048.4,-202.995,0.184334,29048.4,-202.995,0.184334
402,20.05,197,39628.1,6516.15,3.38696,39628.1,6516.15,3.38696
402,20.05,204,28992.7,-203.034,0.184429,28992.7,-203.034,0.184429
403,20.1,197,39628.1,6491.11,3.39064,39628.1,6491.11,3.39064
403,20.1,204,28937.0,-203.054,0.184505,28937.0,-203.054,0.184505
404,20.15,197,39628.1,6466.15,3.37389,39628.1,6466.15,3.37389
404,20.15,204,28881.3,-203.06,0.184544,28881.3,-203.06,0.184544
405,20.2,197,39628.1,6441.3,3.36936,39628.1,6441.3,3.36936
405,20.2,204,28825.6,-203.063,0.184559,28825.6,-203.063,0.184559
406,20.25,197,39628.1,6416.68,3.37155,39628.1,6416.68,3.37155
406,20.25,204,28770.0,-203.065,0.184544,28770.0,-203.065,0.184544
407,20.3,197,39628.1,6392.34,3.37669,39628.1,6392.34,3.37669
407,20.3,204,28714.3,-203.061,0.184513,28714.3,-203.061,0.184513
408,20.35,197,39628.1,6368.3,3.38253,39628.1,6368.3,3.38253
408,20.35,204,28658.7,-203.055,0.184456,28658.7,-203.055,0.184456
409,20.4,197,39628.1,6344.58,3.38792,39628.1,6344.58,3.38792
409,20.4,204,28603.0,-203.042,0.184387,28603.0,-203.042,0.184387
410,20.45,197,39628.1,6321.21,3.39302,39628.1,6321.21,3.39302
410,20.45,204,28547.3,-203.06,0.184319,28547.3,-203.06,0.184319
411,20.5,197,39628.1,6298.31,3.39893,39628.1,6298.31,3.39893
411,20.5,204,28491.7,-203.055,0.18425,28491.7,-203.055,0.18425
412,20.55,197,39628.1,6275.95,3.40519,39628.1,6275.95,3.40519
412,20.55,204,28436.0,-203.068,0.184196,28436.0,-203.068,0.184196
413,20.6,197,39628.1,6254.16,3.41085,39628.1,6254.16,3.41085
413,20.6,204,28380.3,-203.062,0.184143,28380.3,-203.062,0.184143
414,20.65,197,39628.1,6232.91,3.41504,39628.1,6232.91,3.41504
414,20.65,204,28324.6,-203.076,0.184113,28324.6,-203.076,0.184113
415,20.7,197,39628.1,6212.15,3.41731,39628.1,6212.15,3.41731
415,20.7,204,28268.9,-203.104,0.18409,28268.9,-203.104,0.18409
416,20.75,197,39628.2,6191.81,3.41768,39628.2,6191.81,3.41768
416,20.75,204,28213.2,-203.1,0.184086,28213.2,-203.1,0.184086
417,20.8,197,39628.2,6171.82,3.41619,39628.2,6171.82,3.41619
417,20.8,204,28157.5,-203.083,0.184101,28157.5,-203.083,0.184101
418,20.85,197,39628.2,6152.07,3.41299,39628.2,6152.07,3.41299
418,20.85,204,28101.8,-203.102,0.184124,28101.8,-203.102,0.184124
419,20.9,197,39628.2,6132.48,3.40833,39628.2,6132.48,3.40833
419,20.9,204,28046.0,-203.099,0.184162,28046.0,-203.099,0.184162
420,20.95,197,39628.2,6112.94,3.40236,39628.2,6112.94,3.40236
420,20.95,204,27990.3,-203.114,0.1842,27990.3,-203.114,0.1842
421,21,197,39628.2,6093.35,3.39563,39628.2,6093.35,3.39563
421,21,204,27934.6,-203.109,0.184238,27934.6,-203.109,0.184238
422,21.05,197,39628.3,6073.65,3.3886,39628.3,6073.65,3.3886
422,21.05,204,27878.9,-203.124,0.184277,27878.9,-203.124,0.184277
423,21.1,197,39628.3,6053.78,3.3819,39628.3,6053.78,3.3819
423,21.1,204,27823.2,-203.152,0.184303,27823.2,-203.152,0.184303
424,21.15,197,39628.3,6033.77,3.37678,39628.3,6033.77,3.37678
424,21.15,204,27767.5,-203.15,0.18433,27767.5,-203.15,0.18433
425,21.2,197,39628.3,6013.66,3.37354,39628.3,6013.66,3.37354
425,21.2,204,27711.8,-203.133,0.184345,27711.8,-203.133,0.184345
426,21.25,197,39628.4,5993.47,3.37164,39628.4,5993.47,3.37164
426,21.25,204,27656.2,-203.152,0.184353,27656.2,-203.152,0.184353
427,21.3,197,39628.4,5973.24,3.37104,39628.4,5973.24,3.37104
427,21.3,204,27600.5,-203.148,0.184345,27600.5,-203.148,0.184345
428,21.35,197,39628.4,5953.02,3.37168,39628.4,5953.02,3.37168
428,21.35,204,27544.8,-203.163,0.184338,27544.8,-203.163,0.184338
429,21.4,197,39628.5,5932.83,3.37304,39628.5,5932.83,3.37304
429,21.4,204,27489.1,-203.159,0.184322,27489.1,-203.159,0.184322
430,21.45,197,39628.5,5912.68,3.37444,39628.5,5912.68,3.37444
430,21.45,204,27433.4,-203.173,0.184299,27433.4,-203.173,0.184299
431,21.5,197,39628.6,5892.55,3.37528,39628.6,5892.55,3.37528
431,21.5,204,27377.7,-203.169,0.184277,27377.7,-203.169,0.184277
432,21.55,197,39628.6,5872.41,3.37539,39628.6,5872.41,3.37539
432,21.55,204,27322.1,-203.184,0.184254,27322.1,-203.184,0.184254
433,21.6,197,39628.6,5852.23,3.37489,39628.6,5852.23,3.37489
433,21.6,204,27266.4,-203.212,0.184235,27266.4,-203.212,0.184235
434,21.65,197,39628.7,5831.98,3.37396,39628.7,5831.98,3.37396
434,21.65,204,27210.7,-203.209,0.184216,27210.7,-203.209,0.184216
435,21.7,197,39628.7,5811.69,3.37324,39628.7,5811.69,3.37324
435,21.7,204,27155.0,-203.193,0.184208,27155.0,-203.193,0.184208
436,21.75,197,39628.8,5791.4,3.37345,39628.8,5791.4,3.37345
436,21.75,204,27099.3,-203.212,0.1842,27099.3,-203.212,0.1842
437,21.8,197,39628.8,5771.15,3.37447,39628.8,5771.15,3.37447
437,21.8,204,27043.6,-203.208,0.1842,27043.6,-203.208,0.1842
438,21.85,197,39628.9,5750.96,3.37597,39628.9,5750.96,3.37597
438,21.85,204,26987.9,-203.223,0.184208,26987.9,-203.223,0.184208
439,21.9,197,39628.9,5730.85,3.37749,39628.9,5730.85,3.37749
439,21.9,204,26932.2,-203.218,0.184216,26932.2,-203.218,0.184216
440,21.95,197,39629.0,5710.82,3.37883,39629.0,5710.82,3.37883
440,21.95,204,26876.5,-203.233,0.184227,26876.5,-203.233,0.184227
441,22,197,39629.0,5690.88,3.38005,39629.0,5690.88,3.38005
441,22,204,26820.8,-203.228,0.184242,26820.8,-203.228,0.184242
442,22.05,197,39629.1,5671.02,3.38097,39629.1,5671.02,3.38097
442,22.05,204,26765.1,-203.243,0.184258,26765.1,-203.243,0.184258
443,22.1,197,39629.1,5651.22,3.38134,39629.1,5651.22,3.38134
443,22.1,204,26709.4,-203.272,0.184261,26709.4,-203.272,0.184261
444,22.15,197,39629.2,5631.46,3.38104,39629.2,5631.46,3.38104
444,22.15,204,26653.7,-203.269,0.184273,26653.7,-203.269,0.184273
445,22.2,197,39629.3,5611.69,3.37999,39629.3,5611.69,3.37999
445,22.2,204,26598.0,-203.252,0.18428,26598.0,-203.252,0.18428
446,22.25,197,39629.3,5591.87,3.37829,39629.3,5591.87,3.37829
446,22.25,204,26542.3,-203.271,0.184288,26542.3,-203.271,0.184288
447,22.3,197,39629.4,5572.0,3.37643,39629.4,5572.0,3.37643
447,22.3,204,26486.6,-203.268,0.184288,26486.6,-203.268,0.184288
448,22.35,197,39629.5,5552.06,3.37498,39629.5,5552.06,3.37498
448,22.35,204,26430.9,-203.283,0.184288,26430.9,-203.283,0.184288
449,22.4,197,39629.6,5532.13,3.37471,39629.6,5532.13,3.37471
449,22.4,204,26375.3,-203.278,0.184288,26375.3,-203.278,0.184288
450,22.45,197,39629.6,5512.32,3.3765,39629.6,5512.32,3.3765
450,22.45,204,26319.6,-203.293,0.18428,26319.6,-203.293,0.18428
451,22.5,197,39629.7,5492.69,3.37974,39629.7,5492.69,3.37974
451,22.5,204,26263.9,-203.288,0.184273,26263.9,-203.288,0.184273
452,22.55,197,39629.8,5473.27,3.38311,39629.8,5473.27,3.38311
452,22.55,204,26208.2,-203.303,0.184265,26208.2,-203.303,0.184265
453,22.6,197,39629.9,5453.98,3.38477,39629.9,5453.98,3.38477
453,22.6,204,26152.5,-203.331,0.184254,26152.5,-203.331,0.184254
454,22.65,197,39629.9,5434.7,3.38403,39629.9,5434.7,3.38403
454,22.65,204,26096.8,-203.328,0.18425,26096.8,-203.328,0.18425
455,22.7,197,39630.0,5415.35,3.3814,39630.0,5415.35,3.3814
455,22.7,204,26041.1,-203.312,0.18425,26041.1,-203.312,0.18425
456,22.75,197,39630.1,5395.89,3.37801,39630.1,5395.89,3.37801
456,22.75,204,25985.4,-203.331,0.184242,25985.4,-203.331,0.184242
457,22.8,197,39630.2,5376.35,3.37566,39630.2,5376.35,3.37566
457,22.8,204,25929.7,-203.327,0.184242,25929.7,-203.327,0.184242
458,22.85,197,39630.3,5356.95,3.37713,39630.3,5356.95,3.37713
458,22.85,204,25874.0,-203.342,0.184242,25874.0,-203.342,0.184242
459,22.9,197,39630.4,5337.86,3.38195,39630.4,5337.86,3.38195
459,22.9,204,25818.4,-203.337,0.184242,25818.4,-203.337,0.184242
460,22.95,197,39630.5,5319.17,3.38842,39630.5,5319.17,3.38842
460,22.95,204,25762.7,-203.352,0.18425,25762.7,-203.352,0.18425
461,23,197,39630.6,5300.94,3.3951,39630.6,5300.94,3.3951
461,23,204,25707.0,-203.347,0.18425,25707.0,-203.347,0.18425
462,23.05,197,39630.7,5283.18,3.40115,39630.7,5283.18,3.40115
462,23.05,204,25651.3,-203.362,0.184258,25651.3,-203.362,0.184258
463,23.1,197,39630.8,5265.91,3.40619,39630.8,5265.91,3.40619
463,23.1,204,25595.6,-203.391,0.184254,25595.6,-203.391,0.184254
464,23.15,197,39630.9,5249.12,3.41013,39630.9,5249.12,3.41013
464,23.15,204,25539.9,-203.388,0.184258,25539.9,-203.388,0.184258
465,23.2,197,39631.0,5232.81,3.41302,39631.0,5232.81,3.41302
465,23.2,204,25484.2,-203.371,0.184265,25484.2,-203.371,0.184265
466,23.25,197,39631.1,5216.96,3.41486,39631.1,5216.96,3.41486
466,23.25,204,25428.5,-203.39,0.184265,25428.5,-203.39,0.184265
467,23.3,197,39631.2,5201.56,3.41577,39631.2,5201.56,3.41577
467,23.3,204,25372.8,-203.386,0.184265,25372.8,-203.386,0.184265
468,23.35,197,39631.3,5186.57,3.41582,39631.3,5186.57,3.41582
468,23.35,204,25317.1,-203.401,0.184273,25317.1,-203.401,0.184273
469,23.4,197,39631.4,5171.96,3.41513,39631.4,5171.96,3.41513
469,23.4,204,25261.4,-203.397,0.184273,25261.4,-203.397,0.184273
470,23.45,197,39631.5,5157.71,3.41393,39631.5,5157.71,3.41393
470,23.45,204,25205.7,-203.411,0.184273,25205.7,-203.411,0.184273
471,23.5,197,39631.6,5143.76,3.41195,39631.6,5143.76,3.41195
471,23.5,204,25150.0,-203.406,0.184265,25150.0,-203.406,0.184265
472,23.55,197,39631.7,5130.02,3.40858,39631.7,5130.02,3.40858
472,23.55,204,25094.3,-203.421,0.184265,25094.3,-203.421,0.184265
473,23.6,197,39631.8,5116.38,3.40369,39631.8,5116.38,3.40369
473,23.6,204,25038.6,-203.45,0.184261,25038.6,-203.45,0.184261
474,23.65,197,39631.9,5102.69,3.39701,39631.9,5102.69,3.39701
474,23.65,204,24983.0,-203.447,0.184258,24983.0,-203.447,0.184258
475,23.7,197,39632.0,5088.83,3.38901,39632.0,5088.83,3.38901
475,23.7,204,24927.3,-203.43,0.184258,24927.3,-203.43,0.184258
476,23.75,197,39632.1,5074.71,3.38067,39632.1,5074.71,3.38067
476,23.75,204,24871.6,-203.449,0.184258,24871.6,-203.449,0.184258
477,23.8,197,39632.2,5060.32,3.37315,39632.2,5060.32,3.37315
477,23.8,204,24815.9,-203.445,0.184258,24815.9,-203.445,0.184258
478,23.85,197,39632.3,5045.68,3.3676,39632.3,5045.68,3.3676
478,23.85,204,24760.2,-203.46,0.184258,24760.2,-203.46,0.184258
479,23.9,197,39632.4,5030.87,3.36448,39632.4,5030.87,3.36448
479,23.9,204,24704.5,-203.455,0.184258,24704.5,-203.455,0.184258
480,23.95,197,39632.5,5015.94,3.3636,39632.5,5015.94,3.3636
480,23.95,204,24648.8,-203.47,0.184258,24648.8,-203.47,0.184258
481,24,197,39632.6,5000.96,3.36449,39632.6,5000.96,3.36449
481,24,204,24593.1,-203.465,0.184254,24593.1,-203.465,0.184254
482,24.05,197,39632.7,4985.98,3.36643,39632.7,4985.98,3.36643
482,24.05,204,24537.4,-203.48,0.184254,24537.4,-203.48,0.184254
483,24.1,197,39632.8,4971.0,3.3686,39632.8,4971.0,3.3686
483,24.1,204,24481.7,-203.509,0.18425,24481.7,-203.509,0.18425
484,24.15,197,39632.9,4956.05,3.37078,39632.9,4956.05,3.37078
484,24.15,204,24426.0,-203.506,0.184254,24426.0,-203.506,0.184254
485,24.2,197,39633.1,4941.16,3.37311,39633.1,4941.16,3.37311
485,24.2,204,24370.3,-203.489,0.184254,24370.3,-203.489,0.184254
486,24.25,197,39633.2,4926.34,3.37537,39633.2,4926.34,3.37537
486,24.25,204,24314.6,-203.508,0.184254,24314.6,-203.508,0.184254
487,24.3,197,39633.3,4911.6,3.37724,39633.3,4911.6,3.37724
487,24.3,204,24258.9,-203.504,0.184261,24258.9,-203.504,0.184261
488,24.35,197,39633.4,4896.92,3.37853,39633.4,4896.92,3.37853
488,24.35,204,24203.2,-203.519,0.184261,24203.2,-203.519,0.184261
489,24.4,197,39633.5,4882.29,3.37918,39633.5,4882.29,3.37918
489,24.4,204,24147.6,-203.514,0.184261,24147.6,-203.514,0.184261
490,24.45,197,39633.6,4867.67,3.37909,39633.6,4867.67,3.37909
490,24.45,204,24091.9,-203.529,0.184261,24091.9,-203.529,0.184261
491,24.5,197,39633.7,4853.05,3.37837,39633.7,4853.05,3.37837
491,24.5,204,24036.2,-203.557,0.184258,24036.2,-203.557,0.184258
492,24.55,197,39633.8,4838.4,3.37734,39633.8,4838.4,3.37734
492,24.55,204,23980.5,-203.554,0.184254,23980.5,-203.554,0.184254
493,24.6,197,39634.0,4823.71,3.37623,39634.0,4823.71,3.37623
493,24.6,204,23924.8,-203.537,0.184254,23924.8,-203.537,0.184254
494,24.65,197,39634.1,4808.99,3.37539,39634.1,4808.99,3.37539
494,24.65,204,23869.1,-203.556,0.184254,23869.1,-203.556,0.184254
495,24.7,197,39634.2,4794.29,3.37546,39634.2,4794.29,3.37546
495,24.7,204,23813.4,-203.553,0.184254,23813.4,-203.553,0.184254
496,24.75,197,39634.4,4779.66,3.37651,39634.4,4779.66,3.37651
496,24.75,204,23757.7,-203.567,0.184254,23757.7,-203.567,0.184254
497,24.8,197,39634.5,4765.12,3.37813,39634.5,4765.12,3.37813
497,24.8,204,23702.0,-203.563,0.184254,23702.0,-203.563,0.184254
498,24.85,197,39634.6,4750.69,3.37976,39634.6,4750.69,3.37976
498,24.85,204,23646.3,-203.577,0.184254,23646.3,-203.577,0.184254
499,24.9,197,39634.8,4736.35,3.38103,39634.8,4736.35,3.38103
499,24.9,204,23590.6,-203.572,0.184254,23590.6,-203.572,0.184254
500,24.95,197,39634.9,4722.09,3.38182,39634.9,4722.09,3.38182
500,24.95,204,23534.9,-203.587,0.184254,23534.9,-203.587,0.184254
501,25,197,39635.0,4707.9,3.38208,39635.0,4707.9,3.38208
501,25,204,23479.2,-203.616,0.184254,23479.2,-203.616,0.184254
502,25.05,197,39635.2,4693.76,3.38191,39635.2,4693.76,3.38191
502,25.05,204,23423.5,-203.613,0.184258,23423.5,-203.613,0.184258
